Destination;Region;Country;Category;Latitude;Longitude;Approximate Annual Tourists;Currency;Majority Religion;Famous Foods;Language;Best Time to Visit;Cost of Living;Safety;Cultural Significance;Description
Rome;Lazio;Italy;City;41.902.782;12.496.366;14 million;Euro;Roman Catholic;Pizza, Pasta, Gelato;Italian;Spring (April-May) or Fall (Sept-Oct);Medium-high;Generally safe, but watch out for pickpockets;The capital city, known for its historical landmarks like the Colosseum, Vatican City, and Pantheon.;A hub of ancient history and modern culture, with rich traditions, art, and landmarks.
Florence;Tuscany;Italy;City;43.769.581;11.255.772;10 million;Euro;Roman Catholic;Pizza, Pasta, Gelato;Italian;Spring (April-May) or Fall (Sept-Oct);Medium-high;Generally safe, but watch out for pickpockets;A Renaissance city famous for its art, architecture, and historical significance.;Home to world-class museums, including the Uffizi Gallery and Michelangelo?s David.
Venice;Veneto;Italy;City;45.435.559;12.336.196;10 million;Euro;Roman Catholic;Pizza, Pasta, Gelato;Italian;Spring (April-May) or Fall (Sept-Oct);Medium-high;Generally safe, but watch out for pickpockets;A unique city built on canals, known for its gondolas, Piazza San Marco, and Doge's Palace.;An iconic city of water, renowned for romantic gondola rides and historic landmarks.
Milan;Lombardy;Italy;City;45.464.643;918.854;7 million;Euro;Roman Catholic;Risotto, Ossobuco, Panettone;Italian;Spring (April-May) or Fall (Sept-Oct);High;Generally safe, but watch out for pickpockets;A fashion capital known for its shopping, museums, and historical landmarks.;A modern city with an ancient soul, featuring La Scala and the Duomo di Milano.
Naples;Campania;Italy;City;4.085.133;1.425.472;5 million;Euro;Roman Catholic;Pizza, Pasta, Cannoli;Italian;Spring (April-May) or Fall (Sept-Oct);Medium;Generally safe, but be aware of pickpockets;A vibrant city known for its delicious food, historical sites, and stunning coastline.;Famous for pizza, Pompeii, and proximity to the Amalfi Coast.
Cinque Terre;Liguria;Italy;Coastal Town;44.131.811;9.653.342;3 million;Euro;Roman Catholic;Seafood, Pesto;Italian;Spring (April-May) or Fall (Sept-Oct);Medium-high;Generally safe, but be aware of crowds;A group of five colorful villages along the Italian Riviera, known for their stunning landscapes and hiking.;Scenic coastal towns connected by breathtaking hiking trails and beaches.
Amalfi Coast;Campania;Italy;Coastal Region;40.652.843;14.495.831;2 million;Euro;Roman Catholic;Seafood, Limoncello;Italian;Spring (April-May) or Fall (Sept-Oct);Medium-high;Generally safe, but be aware of crowds;A picturesque coastline with charming towns, stunning cliffs, and beautiful beaches.;Famous for its steep cliffs, coastal towns, and lemon groves, offering breathtaking views of the Mediterranean.
Pisa;Tuscany;Italy;City;43.715.899;10.996.557;1.5 million;Euro;Roman Catholic;Pizza, Pasta, Gelato;Italian;Spring (April-May) or Fall (Sept-Oct);Medium;Generally safe;Famous for its Leaning Tower, but also offers other historical attractions and beautiful scenery.;Known for the iconic Leaning Tower of Pisa, as well as its Romanesque architecture.
Lake Como;Lombardy;Italy;Lake;45.831.894;9.237.083;1 million;Euro;Roman Catholic;Seafood, Pasta;Italian;Spring (April-May) or Fall (Sept-Oct);Medium-high;Generally safe;A beautiful lake surrounded by mountains, popular for boating, hiking, and relaxing.;A luxury retreat for the elite, featuring serene waters and mountain landscapes.
Verona;Veneto;Italy;City;45.439.559;10.996.557;1 million;Euro;Roman Catholic;Pizza, Pasta, Risotto;Italian;Spring (April-May) or Fall (Sept-Oct);Medium;Generally safe;A romantic city known for its Shakespearean connection, Arena di Verona, and beautiful architecture.;"Famous for being the setting of ""Romeo and Juliet"" and its well-preserved Roman amphitheater."
Barcelona;Catalonia;Spain;City;41.385.064;2.173.135;12.7 million;Euro;Roman Catholic;Paella, Tapas, Gazpacho;Spanish;Spring (April-May) or Fall (Sept-Oct);Medium-high;Generally safe, but watch out for pickpockets;Known for its Gaudi architecture, beautiful beaches, and vibrant nightlife.;A city of stunning architecture, art, and vibrant culture. Famous for La Sagrada Familia and Park Güell.
Madrid;Community of Madrid;Spain;City;40.416.775;-370.379;7 million;Euro;Roman Catholic;Tapas, Tortilla Espażola, Jamón Ibérico;Spanish;Spring (April-May) or Fall (Sept-Oct);Medium-high;Generally safe, but be aware of pickpockets;The capital city, known for its world-class museums, lively atmosphere, and historical landmarks.;Home to the Prado Museum, Royal Palace, and rich Spanish history.
Seville;Andalusia;Spain;City;3.738.908;-598.398;3.5 million;Euro;Roman Catholic;Tapas, Gazpacho, Flamenco;Spanish;Spring (April-May) or Fall (Sept-Oct);Medium;Generally safe, but be aware of pickpockets;A historic city famous for its Moorish architecture, flamenco dancing, and vibrant festivals.;The heart of Andalusian culture, with stunning landmarks like the AlcĀzar and the Seville Cathedral.
Valencia;Valencian Community;Spain;City;39.472.925;-0.378464;2.5 million;Euro;Roman Catholic;Paella, Horchata, Churros;Spanish;Spring (April-May) or Fall (Sept-Oct);Medium;Generally safe, but be aware of pickpockets;A coastal city known for its City of Arts and Sciences complex, beautiful beaches, and delicious cuisine.;The birthplace of paella, with a mix of futuristic and historic architecture.
Granada;Andalusia;Spain;City;37.187.222;-360.531;2 million;Euro;Roman Catholic;Tapas, Gazpacho, Flamenco;Spanish;Spring (April-May) or Fall (Sept-Oct);Medium;Generally safe, but be aware of pickpockets;A historic city famous for its Alhambra palace, AlbaicĪn neighborhood, and vibrant nightlife.;Known for the magnificent Alhambra palace and stunning Moorish architecture.
MĀlaga;Andalusia;Spain;City;36.720.161;-4.421.234;2 million;Euro;Roman Catholic;Tapas, Gazpacho, Espetos;Spanish;Spring (April-May) or Fall (Sept-Oct);Medium;Generally safe, but be aware of pickpockets;A coastal city known for its beautiful beaches, historic center, and Picasso Museum.;Birthplace of Picasso, featuring stunning beaches and a lively port.
Bilbao;Basque Country;Spain;City;43.257.158;-2.936.487;1.5 million;Euro;Roman Catholic;Pintxos, Bacalao al pil-pil;Spanish (and Basque);Spring (April-May) or Fall (Sept-Oct);Medium-high;Generally safe;A modern city known for its Guggenheim Museum, vibrant atmosphere, and delicious pintxos.;An industrial city turned cultural hotspot, home to the iconic Guggenheim Museum.
Ibiza;Balearic Islands;Spain;Island;38.901.776;1.433.135;8 million;Euro;Roman Catholic;Paella, Tapas, Ensalada Rusa;Spanish;Summer (June-September);Medium-high;Generally safe, but be aware of pickpockets;A popular island destination known for its beaches, nightlife, and electronic music scene.;World-famous for its beaches and nightclubs, a top destination for summer parties.
Majorca;Balearic Islands;Spain;Island;39.363.371;3.014.272;12 million;Euro;Roman Catholic;Paella, Ensalada Mallorquina, Sobrasada;Spanish;Spring (April-May) or Fall (Sept-Oct);Medium-high;Generally safe, but be aware of pickpockets;A popular island destination known for its beautiful beaches, historical sites, and hiking trails.;A serene island getaway, with picturesque beaches, mountains, and historic sites like the Palma Cathedral.
San SebastiĀn;Basque Country;Spain;City;43.317.915;-1.959.563;1 million;Euro;Roman Catholic;Pintxos, Bacalao al pil-pil;Spanish (and Basque);Spring (April-May) or Fall (Sept-Oct);Medium-high;Generally safe;A coastal city known for its beautiful beaches, delicious pintxos, and vibrant atmosphere.;Renowned for its food scene, with pristine beaches and picturesque Old Town streets.
Paris;?le-de-France;France;City;48.856.614;2.352.222;35-40 million;Euro;Roman Catholic;Croissants, Baguettes, Cheese;French;Spring (April-May) or Fall (Sept-Oct);High;Generally safe, but watch out for pickpockets;Home to iconic landmarks like the Eiffel Tower, Louvre Museum, and Notre-Dame Cathedral.;A city of art, fashion, and culture, featuring world-famous landmarks and museums.
Nice;Provence-Alpes-Cōte d'Azur;France;Coastal City;43.703.761;7.268.731;4 million;Euro;Roman Catholic;Nićoise salad, Socca, Panisses;French;Spring (April-May) or Fall (Sept-Oct);Medium-high;Generally safe, but be aware of pickpockets;Known for its beaches, Mediterranean climate, and vibrant nightlife.;A coastal gem with a beautiful Promenade des Anglais and stunning views of the French Riviera.
Marseille;Provence-Alpes-Cōte d'Azur;France;Coastal City;43.296.168;5.370.254;3.5 million;Euro;Roman Catholic;Bouillabaisse, Aŗoli, Panisse;French;Spring (April-May) or Fall (Sept-Oct);Medium;Generally safe, but be aware of pickpockets;The second-largest city in France, known for its historical Old Port, MuCEM museum, and Calanques park.;A city rich in history and culture, with a vibrant port and stunning coastal landscapes.
Lyon;Auvergne-Rhōne-Alpes;France;City;45.764.048;4.835.656;2 million;Euro;Roman Catholic;Quiche Lorraine, Lyonnaise salad, Canelé;French;Spring (April-May) or Fall (Sept-Oct);Medium-high;Generally safe, but be aware of pickpockets;A culinary capital with renowned restaurants, historic architecture, and the confluence of two rivers.;Famous for its gastronomy, vibrant old town, and Renaissance architecture.
Bordeaux;Nouvelle-Aquitaine;France;City;44.837.789;-0.57918;1.5 million;Euro;Roman Catholic;Canelé, Cassoulet, Foie gras;French;Spring (April-May) or Fall (Sept-Oct);Medium-high;Generally safe, but be aware of pickpockets;A city famous for its wine production, historic center, and Cité du Vin museum.;Renowned for its vineyards and wine, as well as its charming 18th-century architecture.
Strasbourg;Grand Est;France;City;48.572.935;7.751.936;1 million;Euro;Roman Catholic;Quiche Lorraine, Choucroute, Bredele;French (and German);Spring (April-May) or Fall (Sept-Oct);Medium-high;Generally safe, but be aware of pickpockets;A charming city with a medieval Old Town, Gothic cathedral, and Christmas markets.;Located on the border with Germany, Strasbourg has a unique blend of French and German cultures.
Cannes;Provence-Alpes-Cōte d'Azur;France;Coastal City;43.542.333;702.427;800;Euro;Roman Catholic;Bouillabaisse, Aŗoli, Panisse;French;Spring (April-May) or Fall (Sept-Oct);High;Generally safe, but be aware of pickpockets;A glamorous coastal city known for its film festival, luxury shopping, and beautiful beaches.;World-famous for the Cannes Film Festival, featuring stunning views of the Mediterranean Sea.
Mont Saint-Michel;Normandy;France;Island;48.636.111;-1.504.444;3.5 million;Euro;Roman Catholic;Seafood, Crepes;French;Spring (April-May) or Fall (Sept-Oct);Medium-high;Generally safe;A UNESCO World Heritage Site, famous for its abbey perched on a tidal island.;A breathtaking medieval island commune with a stunning abbey and winding streets.
Loire Valley;Centre-Val de Loire;France;Region;476.268;-0.9361;10 million (region-wide);Euro;Roman Catholic;Croque-monsieur, French onion soup;French;Spring (April-May) or Fall (Sept-Oct);Medium;Generally safe;A region known for its stunning chateaux, vineyards, and picturesque landscapes.;Known for its many chāteaux and vineyards, a scenic getaway filled with history and beauty.
French Alps;Auvergne-Rhōne-Alpes;France;Mountain Range;45.192.308;6.619.079;12 million (region-wide);Euro;Roman Catholic;Fondue, Raclette, Tartiflette;French;Winter (Dec-Mar) for skiing, Summer (Jun-Sept);Medium-high;Generally safe;A mountainous region offering skiing, hiking, and other outdoor activities.;A haven for outdoor enthusiasts, famous for its ski resorts and stunning alpine scenery.
Vienna;Vienna;Austria;City;48.208.171;16.373.869;7.5 million;Euro;Roman Catholic;Wiener Schnitzel, Sachertorte, Apfelstrudel;German;Spring (April-May) or Fall (Sept-Oct);Medium-high;Generally safe;Known for its imperial palaces, classical music, and coffee houses.;A cultural capital with imperial architecture, famous museums, and vibrant cafe culture.
Salzburg;Salzburg;Austria;City;47.697.994;13.040.555;3 million;Euro;Roman Catholic;Mozartkugel, Salzburger Nockerl, Kaiserschmarrn;German;Spring (April-May) or Fall (Sept-Oct);Medium-high;Generally safe;The birthplace of Mozart, famous for its Baroque architecture and music festivals.;A city rich in history, music, and stunning Alpine surroundings, home to the Salzburg Festival.
Innsbruck;Tyrol;Austria;City;47.269.219;11.397.277;2 million;Euro;Roman Catholic;Tiroler Gröstl, Kaiserschmarrn, Speck;German;Winter (Dec-Mar) for skiing, Summer (Jun-Sept);Medium-high;Generally safe;A picturesque city in the Alps, known for skiing, hiking, and historic landmarks.;A gateway to the Austrian Alps, Innsbruck offers both historical charm and outdoor adventure.
Hallstatt;Upper Austria;Austria;Town;47.556.733;13.649.528;1 million;Euro;Roman Catholic;Kaiserschmarrn, Salzburger Nockerl, Wiener Schnitzel;German;Spring (April-May) or Fall (Sept-Oct);Medium-high;Generally safe;Famous for its picturesque scenery, salt mines, and historic architecture.;A UNESCO World Heritage Site, Hallstatt is known for its stunning lakeside setting and history.
Graz;Styria;Austria;City;47.070.593;15.438.261;1 million;Euro;Roman Catholic;Backhendl, Kürbiskernsuppe, Apfelstrudel;German;Spring (April-May) or Fall (Sept-Oct);Medium;Generally safe;Known for its well-preserved Old Town, museums, and cultural festivals.;A city blending modern culture with historic architecture, featuring a vibrant arts scene.
Zell am See;Salzburg;Austria;Town;47.516.804;13.032.121;800;Euro;Roman Catholic;Kaiserschmarrn, Wiener Schnitzel, Apfelstrudel;German;Winter (Dec-Mar) for skiing, Summer (Jun-Sept);Medium-high;Generally safe;A popular resort town known for its lakeside location and outdoor activities.;Zell am See offers breathtaking views of the Alps and a range of recreational activities.
Wachau Valley;Lower Austria;Austria;Valley;48.450.263;15.433.907;500;Euro;Roman Catholic;Wiener Schnitzel, Apfelstrudel, Heurigen;German;Spring (April-May) or Fall (Sept-Oct);Medium-high;Generally safe;Famous for its vineyards, historic towns, and scenic beauty along the Danube River.;A UNESCO World Heritage Site, Wachau Valley is known for its wine production and castles.
Bregenz;Vorarlberg;Austria;City;47.510.488;9.741.326;400;Euro;Roman Catholic;Käsknöpfle, Rindsuppe, Apfelstrudel;German;Summer (Jun-Sept);Medium-high;Generally safe;Located on Lake Constance, known for its festivals and beautiful scenery.;Bregenz is renowned for its lakeside festivals, including the famous Bregenz Festival on the lake.
Vienna Woods;Lower Austria;Austria;Forest;48.174.456;16.220.414;2 million;Euro;Roman Catholic;Wiener Schnitzel, Apfelstrudel, Heurigen;German;Spring (April-May) or Fall (Sept-Oct);Medium-high;Generally safe;A forested area near Vienna, popular for hiking and enjoying the outdoors.;Vienna Woods offers a natural escape from the city, with scenic hiking and biking trails.
Bad Gastein;Salzburg;Austria;Town;47.320.594;13.426.595;200;Euro;Roman Catholic;Kaiserschmarrn, Wiener Schnitzel, Apfelstrudel;German;Winter (Dec-Mar) for skiing, Summer (Jun-Sept);Medium-high;Generally safe;A spa town known for its hot springs, skiing, and outdoor activities.;Bad Gastein is famous for its thermal baths, offering relaxation and wellness in the Alps.
Brussels;Brussels Capital;Belgium;City;50.850.441;4.356.949;10 million;Euro;Roman Catholic;Waffles, Belgian Fries, Chocolate;Dutch, French;Spring (April-May) or Fall (Sept-Oct);Medium-high;Generally safe, but watch out for pickpockets;The capital of Belgium and the EU, known for its Grand Place, Manneken Pis, and Atomium.;A political and cultural hub with impressive architecture, museums, and a vibrant arts scene.
Bruges;West Flanders;Belgium;City;51.205.937;3.210.851;8 million;Euro;Roman Catholic;Waffles, Belgian Fries, Chocolate;Dutch, French;Spring (April-May) or Fall (Sept-Oct);Medium-high;Generally safe;A medieval city famous for its canals, cobblestone streets, and historic architecture.;"A UNESCO World Heritage Site, known as the ""Venice of the North"" for its romantic canals and bridges."
Ghent;East Flanders;Belgium;City;51.057.089;3.715.678;5 million;Euro;Roman Catholic;Waffles, Belgian Fries, Chocolate;Dutch, French;Spring (April-May) or Fall (Sept-Oct);Medium;Generally safe;A historic city known for its medieval architecture, art museums, and vibrant cultural life.;Ghent is known for its rich history, including the famous Ghent Altarpiece and stunning medieval towers.
Antwerp;Antwerp;Belgium;City;51.223.581;4.415.875;4 million;Euro;Roman Catholic;Waffles, Belgian Fries, Chocolate;Dutch, French;Spring (April-May) or Fall (Sept-Oct);Medium-high;Generally safe;A port city known for its diamond industry, fashion, and Renaissance architecture.;Antwerp boasts a lively arts scene, historic squares, and is a global hub for the diamond trade.
Leuven;Flemish Brabant;Belgium;City;50.872.166;4.686.716;2 million;Euro;Roman Catholic;Waffles, Belgian Fries, Chocolate;Dutch, French;Spring (April-May) or Fall (Sept-Oct);Medium;Generally safe;A university city known for its historic center, breweries, and student life.;Leuven is home to one of the oldest universities in Europe and is known for its lively atmosphere.
Dinant;Namur;Belgium;Town;50.275.573;5.024.897;1 million;Euro;Roman Catholic;Waffles, Belgian Fries, Chocolate;French;Spring (April-May) or Fall (Sept-Oct);Medium;Generally safe;A picturesque town along the Meuse River, known for its citadel, saxophones, and scenic beauty.;Dinant is the birthplace of Adolphe Sax, inventor of the saxophone, and features striking riverside views.
Ypres;West Flanders;Belgium;Town;50.841.984;2.863.538;500;Euro;Roman Catholic;Waffles, Belgian Fries, Chocolate;Dutch, French;Spring (April-May) or Fall (Sept-Oct);Medium;Generally safe;A historic town famous for its World War I history and the In Flanders Fields Museum.;Ypres was the site of major WWI battles, now a center for remembrance with moving memorials.
Spa;LiŖge;Belgium;Town;50.451.977;5.965.836;300;Euro;Roman Catholic;Waffles, Belgian Fries, Chocolate;French;Spring (April-May) or Fall (Sept-Oct);Medium-high;Generally safe;A spa town known for its mineral waters, thermal baths, and surrounding natural beauty.;The town of Spa gave its name to the concept of health spas and is famous for its healing waters.
Ostend;West Flanders;Belgium;City;51.333.563;2.902.675;200;Euro;Roman Catholic;Waffles, Belgian Fries, Chocolate;Dutch, French;Spring (April-May) or Fall (Sept-Oct);Medium;Generally safe;A coastal city known for its beaches, seafood, and vibrant seafront promenade.;Ostend offers a combination of seaside relaxation, culture, and lively entertainment on the Belgian coast.
Namur;Namur;Belgium;City;50.467.063;4.886.067;100;Euro;Roman Catholic;Waffles, Belgian Fries, Chocolate;French;Spring (April-May) or Fall (Sept-Oct);Medium;Generally safe;A historic city known for its impressive citadel, art museums, and scenic views.;Namur serves as the capital of Wallonia and offers rich history alongside beautiful riverside landscapes.
Copenhagen;Region Hovedstaden;Denmark;City;55.676.098;12.568.337;10 million;Danish krone (DKK);Protestant;Sm?rrebr?d, Frikadeller, Æblekage;Danish;Spring (April-May) or Fall (Sept-Oct);High;Generally safe;Known for its colorful architecture, charming canals, and vibrant culture.;Denmark's capital, famous for Nyhavn, the Little Mermaid statue, and a lively café scene.
Aarhus;Region Midtjylland;Denmark;City;56.150.947;10.217.696;2.5 million;Danish krone (DKK);Protestant;Sm?rrebr?d, Frikadeller, Æblekage;Danish;Spring (April-May) or Fall (Sept-Oct);Medium;Generally safe;Known for its vibrant arts scene, beautiful parks, and historical sites.;Denmark's second-largest city, a cultural hub with museums, festivals, and university life.
Odense;Region Syddanmark;Denmark;City;55.397.081;10.395.973;1.5 million;Danish krone (DKK);Protestant;Sm?rrebr?d, Frikadeller, Æblekage;Danish;Spring (April-May) or Fall (Sept-Oct);Medium;Generally safe;Birthplace of Hans Christian Andersen, known for its fairy-tale atmosphere.;A charming city with a strong literary history, scenic parks, and museums.
Legoland Billund;Region Syddanmark;Denmark;Theme Park;55.709.974;9.461.622;2.5 million;Danish krone (DKK);Protestant;Danish cuisine;Danish;Summer (June-August);Medium-high;Generally safe;Famous for its LEGO-themed attractions and family-friendly activities.;A top destination for families, with interactive rides and LEGO-themed adventures.
Ribe;Region Syddanmark;Denmark;Town;55.200.525;8.777.081;500;Danish krone (DKK);Protestant;Sm?rrebr?d, Frikadeller, Æblekage;Danish;Spring (April-May) or Fall (Sept-Oct);Medium;Generally safe;Denmark's oldest town, with Viking heritage and medieval architecture.;Ribe is a well-preserved historic town with Viking history and charming old streets.
Roskilde;Region Sjælland;Denmark;City;55.652.853;12.091.578;500;Danish krone (DKK);Protestant;Sm?rrebr?d, Frikadeller, Æblekage;Danish;Spring (April-May) or Fall (Sept-Oct);Medium;Generally safe;Famous for the Viking Ship Museum and its annual music festival.;Roskilde is a UNESCO site with a rich history and vibrant music culture.
Helsing?r;Region Hovedstaden;Denmark;City;56.033.245;12.614.037;400;Danish krone (DKK);Protestant;Sm?rrebr?d, Frikadeller, Æblekage;Danish;Spring (April-May) or Fall (Sept-Oct);Medium-high;Generally safe;Known for Kronborg Castle, the setting for Shakespeare's Hamlet.;A coastal town with historic significance and stunning seaside views.
Aalborg;Region Nordjylland;Denmark;City;57.033.361;9.920.094;300;Danish krone (DKK);Protestant;Sm?rrebr?d, Frikadeller, Æblekage;Danish;Spring (April-May) or Fall (Sept-Oct);Medium;Generally safe;Known for its vibrant nightlife, music scene, and historic center.;Aalborg offers a mix of modern culture and historical architecture.
Aarhus Botanical Garden;Region Midtjylland;Denmark;Garden;56.161.243;10.224.461;100;Danish krone (DKK);Protestant;Danish cuisine;Danish;Spring (April-May) or Fall (Sept-Oct);Free;Generally safe;A beautiful garden with a variety of plants, flowers, and greenhouses.;An oasis in the heart of Aarhus, perfect for nature lovers and families.
Tivoli Gardens;Region Hovedstaden;Denmark;Amusement Park;55.683.798;12.572.936;4 million;Danish krone (DKK);Protestant;Danish cuisine;Danish;Spring (April-May) or Fall (Sept-Oct);Medium-high;Generally safe;One of the world's oldest amusement parks, with rides and beautiful gardens.;Tivoli Gardens is a magical park with entertainment for all ages, especially in Copenhagen.
Berlin;Berlin;Germany;City;52.520.008;13.404.954;13.5 million;Euro;Protestant;Currywurst, Bratwurst, Sauerkraut;German;Spring (April-May) or Fall (Sept-Oct);Medium-high;Generally safe, but watch for pickpockets;The capital city known for its historical landmarks, vibrant nightlife, and arts scene.;Famous for the Brandenburg Gate, Berlin Wall, and rich cultural heritage.
Munich;Bavaria;Germany;City;48.137.152;11.576.123;10 million;Euro;Protestant;Weißwurst, Brezn, Leberkäse;German;Spring (April-May) or Fall (Sept-Oct);Medium-high;Generally safe;A Bavarian city famous for its Oktoberfest, beer gardens, and historical architecture.;Known for its beer culture, historic Marienplatz, and beautiful English Garden.
Frankfurt;Hesse;Germany;City;50.110.922;8.682.127;7 million;Euro;Protestant;Frankfurter Kranz, Apfelwein, Grüne Soße;German;Spring (April-May) or Fall (Sept-Oct);High;Generally safe;A financial center known for its skyscrapers, museums, and historic Old Town.;Home to the European Central Bank, Goethe House, and impressive modern skyline.
Cologne;North Rhine-Westphalia;Germany;City;50.936.662;6.959.955;5 million;Euro;Protestant;Kölsch, Himmel un Ääd, Sauerbraten;German;Spring (April-May) or Fall (Sept-Oct);Medium;Generally safe;A historic city on the Rhine, known for its Gothic cathedral, chocolate, and museums.;The Cologne Cathedral is a UNESCO World Heritage site and one of Germany?s most iconic landmarks.
Hamburg;Hamburg;Germany;City;53.550.278;9.993.681;5 million;Euro;Protestant;Fischbrötchen, Labskaus, Rote Grütze;German;Spring (April-May) or Fall (Sept-Oct);Medium-high;Generally safe;A port city known for its harbor, Reeperbahn district, and maritime museum.;Hamburg boasts a lively arts scene, modern architecture, and historic Speicherstadt.
Dresden;Saxony;Germany;City;51.051.005;13.737.234;3 million;Euro;Protestant;Dresdner Stollen, Eierschecke, Kartoffelsalat;German;Spring (April-May) or Fall (Sept-Oct);Medium;Generally safe;A historic city known for its Baroque architecture, museums, and the Elbe River.;The city was heavily bombed in WWII but has been beautifully restored, with notable landmarks like the Zwinger Palace.
Heidelberg;Baden-Württemberg;Germany;City;49.405.154;8.691.038;2 million;Euro;Protestant;Käsespätzle, Maultaschen, Zwiebelrostbraten;German;Spring (April-May) or Fall (Sept-Oct);Medium-high;Generally safe;A picturesque city known for Heidelberg Castle and its charming Old Town.;A romantic riverside city with a famous university, captivating castle, and cobblestone streets.
Rothenburg ob der Tauber;Bavaria;Germany;Town;49.443.589;10.090.444;1 million;Euro;Protestant;Käsespätzle, Maultaschen, Zwiebelrostbraten;German;Spring (April-May) or Fall (Sept-Oct);Medium;Generally safe;A medieval town famous for its well-preserved walls, half-timbered houses, and Christmas markets.;A fairy-tale destination with cobblestone streets, medieval architecture, and vibrant festivals.
Neuschwanstein Castle;Bavaria;Germany;Castle;47.557.778;10.748.611;1.5 million;Euro;Protestant;Bavarian cuisine;German;Spring (April-May) or Fall (Sept-Oct);Medium-high;Generally safe;A fairytale castle built by King Ludwig II, known for its stunning architecture and scenic views.;One of the most famous castles in the world, inspiring Disney?s Cinderella Castle.
Black Forest;Baden-Württemberg;Germany;Region;48.180.233;8.322.533;5 million;Euro;Protestant;Black Forest cake, Spätzle, Sauerkraut;German;Spring (April-May) or Fall (Sept-Oct);Medium-high;Generally safe;A forested region known for its scenic landscapes, hiking trails, and traditional villages.;The Black Forest is renowned for its natural beauty, folklore, and cuckoo clocks.
Monaco-Ville;Monaco-Ville;Monaco;City;45.437.078;7.426.435;3 million;Euro;Roman Catholic;Mediterranean cuisine;French, Monégasque;Spring (April-May) or Fall (Sept-Oct);Extremely high;Generally safe;Historic old town known for its Prince's Palace and Oceanographic Museum.;Perched on a rocky promontory, Monaco-Ville offers stunning views and historic landmarks.
Monte Carlo;Monaco-Ville;Monaco;District;45.437.078;7.426.435;3 million;Euro;Roman Catholic;Mediterranean cuisine;French, Monégasque;Spring (April-May) or Fall (Sept-Oct);Extremely high;Generally safe;Glamorous district known for casinos, luxury shops, and the Grand Prix.;Renowned for its vibrant nightlife and high-end attractions.
Casino Square;Monaco-Ville;Monaco;Square;45.437.078;7.426.435;2 million;Euro;Roman Catholic;Mediterranean cuisine;French, Monégasque;Spring (April-May) or Fall (Sept-Oct);Extremely high;Generally safe;Iconic square home to Casino de Monte-Carlo and Hōtel de Paris.;A hub of luxury and entertainment in Monte Carlo.
Oceanographic Museum;Monaco-Ville;Monaco;Museum;45.437.078;7.426.435;1 million;Euro;Roman Catholic;Mediterranean cuisine;French, Monégasque;Spring (April-May) or Fall (Sept-Oct);Medium;Generally safe;World-renowned aquarium and museum dedicated to marine biology.;Features stunning exhibits and panoramic views of the Mediterranean.
Japanese Garden;Monaco-Ville;Monaco;Garden;45.437.078;7.426.435;500;Euro;Roman Catholic;Mediterranean cuisine;French, Monégasque;Spring (April-May) or Fall (Sept-Oct);Free;Generally safe;Peaceful oasis with traditional Japanese gardens and koi ponds.;A tranquil retreat in the heart of Monaco, offering a serene environment.
Saint-Martin Gardens;Monaco-Ville;Monaco;Gardens;45.437.078;7.426.435;300;Euro;Roman Catholic;Mediterranean cuisine;French, Monégasque;Spring (April-May) or Fall (Sept-Oct);Free;Generally safe;Beautiful botanical garden with a variety of plants and sculptures.;Features a diverse range of plants and artistic sculptures.
Exotic Garden;Monaco-Ville;Monaco;Garden;45.437.078;7.426.435;200;Euro;Roman Catholic;Mediterranean cuisine;French, Monégasque;Spring (April-May) or Fall (Sept-Oct);Free;Generally safe;Botanical garden featuring cacti and exotic plants from around the world.;Showcases a wide variety of cacti, succulents, and exotic flora.
Rainier III Botanical Garden;Monaco-Ville;Monaco;Garden;45.437.078;7.426.435;100;Euro;Roman Catholic;Mediterranean cuisine;French, Monégasque;Spring (April-May) or Fall (Sept-Oct);Free;Generally safe;Botanical garden focusing on Mediterranean plants and flowers.;Offers a range of Mediterranean flora in a beautifully landscaped setting.
Larvotto Beach;Monaco-Ville;Monaco;Beach;45.437.078;7.426.435;100;Euro;Roman Catholic;Mediterranean cuisine;French, Monégasque;Summer (June-September);Extremely high;Generally safe;Popular beach along the Mediterranean Sea, ideal for sunbathing and swimming.;A prime location for beachgoers and water sports enthusiasts.
Grimaldi Forum;Monaco-Ville;Monaco;Cultural Center;45.437.078;7.426.435;50;Euro;Roman Catholic;Mediterranean cuisine;French, Monégasque;Year-round;Varies;Generally safe;Cultural center hosting exhibitions, concerts, and conferences.;A major venue for cultural events and exhibitions in Monaco.
Moscow;Moscow Oblast;Russia;City;55.755.796;37.617.315;12.5 million;Russian Ruble (RUB);Russian Orthodox;Borscht, Pelmeni, Blini;Russian;Spring (May-June) or Fall (Sept-Oct);Medium-high;Generally safe, but be aware of pickpockets;Capital city known for the Kremlin, Red Square, and St. Basil's Cathedral.;Russia's bustling capital with a rich history and impressive landmarks.
St. Petersburg;Leningrad Oblast;Russia;City;59.934.083;30.335.285;8 million;Russian Ruble (RUB);Russian Orthodox;Borscht, Pelmeni, Blini;Russian;Spring (May-June) or Fall (Sept-Oct);Medium-high;Generally safe, but be aware of pickpockets;Historic city known for imperial palaces, canals, and museums.;Known for its stunning architecture and cultural heritage.
Sochi;Krasnodar Krai;Russia;City;43.565.133;3.960.304;3 million;Russian Ruble (RUB);Russian Orthodox;Borscht, Pelmeni, Blini;Russian;Summer (June-August);Medium-high;Generally safe, but be aware of pickpockets;Black Sea resort city known for beaches, mountains, and Olympic venues.;Popular destination for beachgoers and winter sports enthusiasts.
Kazan;Republic of Tatarstan;Russia;City;55.794.722;49.111.389;2 million;Russian Ruble (RUB);Muslim, Russian Orthodox;Borscht, Pelmeni, Blini;Russian, Tatar;Spring (May-June) or Fall (Sept-Oct);Medium;Generally safe;Historic city with a diverse cultural heritage, including a Kremlin and mosques.;Known for its rich history and cultural diversity.
Vladivostok;Primorsky Krai;Russia;City;43.565.133;131.885.929;1 million;Russian Ruble (RUB);Russian Orthodox;Borscht, Pelmeni, Blini;Russian;Spring (May-June) or Fall (Sept-Oct);Medium-high;Generally safe;Port city on the Pacific Ocean known for seafood, museums, and scenic views.;Offers stunning coastal landscapes and a unique cultural experience.
Lake Baikal;Irkutsk Oblast;Russia;Lake;53.151.074;105.257.548;2.5 million;Russian Ruble (RUB);Russian Orthodox;Borscht, Pelmeni, Blini;Russian;Summer (June-August);Medium;Generally safe;World's deepest lake known for its natural beauty, wildlife, and outdoor activities.;A must-visit for nature enthusiasts and adventure seekers.
Kamchatka Peninsula;Kamchatka Krai;Russia;Peninsula;56.021.562;158.624.312;1 million;Russian Ruble (RUB);Russian Orthodox;Borscht, Pelmeni, Blini;Russian;Summer (June-August);Medium-high;Generally safe, but be aware of bears;Remote peninsula known for volcanoes, glaciers, and unique wildlife.;Offers dramatic landscapes and natural wonders.
Golden Ring;Central Russia;Russia;Region;56.021.562;39.624.312;10 million (region-wide);Russian Ruble (RUB);Russian Orthodox;Borscht, Pelmeni, Blini;Russian;Spring (May-June) or Fall (Sept-Oct);Medium;Generally safe;Group of historic cities known for medieval architecture and cultural heritage.;A historic route offering insights into Russia's medieval past.
Trans-Siberian Railway;Russia;Russia;Railway;56.021.562;105.624.312;2 million (tourists);Russian Ruble (RUB);Russian Orthodox;Borscht, Pelmeni, Blini;Russian;Summer (June-August);Medium-high;Generally safe;Famous railway route spanning Russia, known for its scenic and cultural experiences.;An iconic journey showcasing Russia's vast landscapes and diverse cultures.
St. Basil's Cathedral;Moscow;Russia;Church;55.755.796;37.617.315;2 million;Russian Ruble (RUB);Russian Orthodox;Borscht, Pelmeni, Blini;Russian;Spring (May-June) or Fall (Sept-Oct);Free;Generally safe;Iconic cathedral known for its colorful domes and intricate architecture.;A symbol of Russia's rich cultural and religious heritage.
Athens;Attica;Greece;City;37.979.452;23.716.217;10 million;Euro;Greek Orthodox;Gyros, Souvlaki, Moussaka;Greek;Spring (April-May) or Fall (Sept-Oct);Medium-high;Generally safe, but watch out for pickpockets;Capital city known for ancient ruins, museums, and vibrant nightlife.;
Santorini;South Aegean;Greece;Island;36.423.967;25.444.106;2 million;Euro;Greek Orthodox;Seafood, Greek salad, Moussaka;Greek;Spring (April-May) or Fall (Sept-Oct);High;Generally safe;Famous for whitewashed buildings, blue-domed churches, and sunsets.;
Mykonos;South Aegean;Greece;Island;37.426.508;25.278.709;2 million;Euro;Greek Orthodox;Seafood, Greek salad, Moussaka;Greek;Spring (April-May) or Fall (Sept-Oct);High;Generally safe;Known for beaches, nightlife, and luxury resorts.;
Crete;Crete;Greece;Island;35.243.662;25.047.873;3 million;Euro;Greek Orthodox;Seafood, Greek salad, Moussaka;Greek;Spring (April-May) or Fall (Sept-Oct);Medium-high;Generally safe;Largest island in Greece, known for ancient ruins, beaches, and mountains.;
Rhodes;South Aegean;Greece;Island;36.441.904;28.188.827;2 million;Euro;Greek Orthodox;Seafood, Greek salad, Moussaka;Greek;Spring (April-May) or Fall (Sept-Oct);Medium-high;Generally safe;Known for medieval walled city, beaches, and historical sites.;
Corfu;Ionian Islands;Greece;Island;39.613.728;19.900.073;1.5 million;Euro;Greek Orthodox;Seafood, Greek salad, Moussaka;Greek;Spring (April-May) or Fall (Sept-Oct);Medium;Generally safe;Known for beautiful beaches, olive groves, and Venetian architecture.;
Meteora;Thessaly;Greece;Monastery Complex;39.729.444;21.424.722;1 million;Euro;Greek Orthodox;Greek cuisine;Greek;Spring (April-May) or Fall (Sept-Oct);Medium;Generally safe;UNESCO World Heritage Site with monasteries on rock formations.;
Delphi;Central Greece;Greece;Archaeological Site;38.475.111;22.217.778;1 million;Euro;Greek Orthodox;Greek cuisine;Greek;Spring (April-May) or Fall (Sept-Oct);Medium;Generally safe;Known for Oracle of Delphi and mountain scenery.;
Nafplio;Peloponnese;Greece;City;37.571.111;22.767.778;500;Euro;Greek Orthodox;Seafood, Greek salad, Moussaka;Greek;Spring (April-May) or Fall (Sept-Oct);Medium;Generally safe;Historic city known for Venetian fortress, charming streets, and beaches.;
Olympia;Peloponnese;Greece;Archaeological Site;37.724.167;21.723.056;500;Euro;Greek Orthodox;Greek cuisine;Greek;Spring (April-May) or Fall (Sept-Oct);Medium;Generally safe;Birthplace of the ancient Olympic Games with ruins of temples and stadiums.;
Lisbon;Lisbon;Portugal;City;38.710.825;-9.136.136;3.5 million;Euro;Roman Catholic;Bacalhau, Pastel de nata, Sardinha;Portuguese;Spring (April-May) or Fall (Sept-Oct);Medium-high;Generally safe, but watch out for pickpockets;Capital city known for its historic center, Seven Hills, and vibrant nightlife.;
Porto;Porto;Portugal;City;41.149.631;-8.610.975;2.5 million;Euro;Roman Catholic;Francesinha, Bacalhau, Pastel de nata;Portuguese;Spring (April-May) or Fall (Sept-Oct);Medium-high;Generally safe;Coastal city known for its wine cellars, historic center, and beautiful riverfront.;
Algarve;Algarve;Portugal;Region;37.044.335;-7.774.026;3 million;Euro;Roman Catholic;Seafood, Sardinha, Pastel de nata;Portuguese;Spring (April-May) or Fall (Sept-Oct);Medium-high;Generally safe;Popular coastal region known for beaches, golf courses, and water sports.;
Madeira;Madeira Island;Portugal;Island;32.652.843;-16.976.997;1 million;Euro;Roman Catholic;Espetada, Bolo de Mel, Poncha;Portuguese;Spring (April-May) or Fall (Sept-Oct);Medium-high;Generally safe;Island known for lush landscapes, volcanic mountains, and Madeira wine.;
Sintra;Lisbon;Portugal;Town;38.730.825;-9.360.576;1 million;Euro;Roman Catholic;Seafood, Pastel de nata, Pastel de Belém;Portuguese;Spring (April-May) or Fall (Sept-Oct);Medium-high;Generally safe;Historic town known for Pena National Palace, Moorish Castle, and romantic atmosphere.;
?bidos;Leiria;Portugal;Town;39.382.114;-8.895.664;500;Euro;Roman Catholic;Seafood, Pastel de nata, Pastel de Belém;Portuguese;Spring (April-May) or Fall (Sept-Oct);Medium;Generally safe;Medieval walled town with cobblestone streets, colorful houses, and a charming atmosphere.;
Aveiro;Aveiro;Portugal;City;4.064.275;-865.109;300;Euro;Roman Catholic;Seafood, Bacalhau, Pastel de nata;Portuguese;Spring (April-May) or Fall (Sept-Oct);Medium;Generally safe;Coastal city known for its canals, colorful boats, and beautiful beaches.;
Braga;Braga;Portugal;City;41.537.114;-8.422.754;200;Euro;Roman Catholic;Seafood, Bacalhau, Pastel de nata;Portuguese;Spring (April-May) or Fall (Sept-Oct);Medium;Generally safe;Historic city known for Roman ruins, baroque architecture, and beautiful scenery.;
Coimbra;Coimbra;Portugal;City;40.205.978;-8.410.443;150;Euro;Roman Catholic;Seafood, Bacalhau, Pastel de nata;Portuguese;Spring (April-May) or Fall (Sept-Oct);Medium;Generally safe;University city known for its historic center, beautiful architecture, and lively atmosphere.;
Douro Valley;Douro Valley;Portugal;Region;41.086.758;-7.791.548;500;Euro;Roman Catholic;Seafood, Bacalhau, Pastel de nata;Portuguese;Spring (April-May) or Fall (Sept-Oct);Medium-high;Generally safe;Scenic valley known for wine production, beautiful landscapes, and historic wineries.;
Oslo;Oslo;Norway;City;59.913.868;10.751.964;2.5 million;Norwegian krone (NOK);Protestant;Fish, Reindeer, Brunost;Norwegian;Spring (May-June) or Fall (Sept-Oct);High;Generally safe;Capital city known for museums, parks, and cultural scene.;The capital city, known for its museums, parks, and vibrant cultural scene.
Bergen;Vestland;Norway;City;60.395.186;5.324.015;1.5 million;Norwegian krone (NOK);Protestant;Fish, Reindeer, Brunost;Norwegian;Spring (May-June) or Fall (Sept-Oct);Medium-high;Generally safe;Coastal city known for colorful houses, fish market, and scenic fjords.;A coastal city known for its colorful wooden houses, fish market, and scenic fjords.
Sognefjord;Vestland;Norway;Fjord;61.006.944;7.025.278;1 million;Norwegian krone (NOK);Protestant;Fish, Reindeer, Brunost;Norwegian;Spring (May-June) or Fall (Sept-Oct);Medium-high;Generally safe;Longest fjord in Norway, offering stunning scenery and outdoor activities.;The longest fjord in Norway, offering stunning scenery and outdoor activities.
Geirangerfjord;M?re og Romsdal;Norway;Fjord;62.103.056;7.031.389;500;Norwegian krone (NOK);Protestant;Fish, Reindeer, Brunost;Norwegian;Spring (May-June) or Fall (Sept-Oct);Medium-high;Generally safe;UNESCO World Heritage Site with towering cliffs, waterfalls, and scenic beauty.;A UNESCO World Heritage Site, famous for its towering cliffs, waterfalls, and scenic beauty.
Lofoten Islands;Nordland;Norway;Islands;68.005.472;13.033.294;500;Norwegian krone (NOK);Protestant;Fish, Reindeer, Brunost;Norwegian;Spring (May-June) or Fall (Sept-Oct);Medium-high;Generally safe;Islands known for dramatic landscapes, fishing villages, and Northern Lights.;A group of islands known for their dramatic landscapes, fishing villages, and Northern Lights.
Troms?;Troms;Norway;City;69.649.328;18.955.689;300;Norwegian krone (NOK);Protestant;Fish, Reindeer, Brunost;Norwegian;Spring (May-June) or Fall (Sept-Oct);Medium-high;Generally safe;Northernmost city in Norway, known for Arctic Circle location and Northern Lights.;The northernmost city in Norway, known for its Arctic Circle location and Northern Lights.
Jotunheimen National Park;Innlandet;Norway;National Park;61.357.778;8.322.533;200;Norwegian krone (NOK);Protestant;Fish, Reindeer, Brunost;Norwegian;Summer (June-August);Medium-high;Generally safe;National park known for glaciers, hiking trails, and wildlife.;A national park in the Norwegian mountains, known for its glaciers, hiking trails, and wildlife.
Hardangervidda National Park;Vestland;Norway;National Park;60.769.653;7.333.111;100;Norwegian krone (NOK);Protestant;Fish, Reindeer, Brunost;Norwegian;Summer (June-August);Medium-high;Generally safe;National park known for reindeer, hiking trails, and winter sports.;A national park in the Hardangervidda plateau, known for its reindeer, hiking trails, and winter sports.
Preikestolen;Rogaland;Norway;Cliff;59.395.186;5.930.833;300;Norwegian krone (NOK);Protestant;Fish, Reindeer, Brunost;Norwegian;Summer (June-August);Medium-high;Generally safe;Famous cliff offering stunning panoramic views over a fjord.;A famous cliff overlooking a fjord, offering stunning panoramic views.
Flåm;Vestland;Norway;Village;60.730.556;7.024.444;50;Norwegian krone (NOK);Protestant;Fish, Reindeer, Brunost;Norwegian;Summer (June-August);Medium-high;Generally safe;Picturesque village known for its scenic train journey and fjord cruises.;A picturesque village at the end of the Flåm Valley, known for its scenic train journey and fjord cruises.
Stockholm;Stockholm County;Sweden;City;59.329.302;18.068.581;2.5 million;Swedish krona (SEK);Protestant;Köttbullar, Fika, Jansson's Temptation;Swedish;Spring (May-June) or Fall (Sept-Oct);Medium-high;Generally safe;Capital city known for archipelago, museums, and vibrant culture.;The capital city, known for its archipelago, museums, and vibrant culture.
Gothenburg;Västra Götaland County;Sweden;City;57.708.863;11.973.339;1.5 million;Swedish krona (SEK);Protestant;Köttbullar, Fika, Jansson's Temptation;Swedish;Spring (May-June) or Fall (Sept-Oct);Medium;Generally safe;Sweden's second-largest city, known for harbor, museums, and nightlife.;Sweden's second-largest city, known for its harbor, museums, and vibrant nightlife.
Malmö;Skåne County;Sweden;City;55.609.934;13.007.758;1 million;Swedish krona (SEK);Protestant;Köttbullar, Fika, Jansson's Temptation;Swedish;Spring (May-June) or Fall (Sept-Oct);Medium;Generally safe;Coastal city known for modern architecture, museums, and arts scene.;A coastal city known for its modern architecture, museums, and vibrant arts scene.
Lapland;Norrbotten County;Sweden;Region;67.005.472;20.033.294;500;Swedish krona (SEK);Protestant;Köttbullar, Fika, Jansson's Temptation;Swedish;Winter (Dec-Mar) for Northern Lights, Summer (Jun-Aug) for hiking;Medium-high;Generally safe;Northernmost region, known for Arctic landscapes, Northern Lights, and reindeer.;The northernmost region of Sweden, known for its Arctic landscapes, Northern Lights, and reindeer.
Fjällbacka;Västra Götaland County;Sweden;Town;58.026.014;11.464.321;200;Swedish krona (SEK);Protestant;Köttbullar, Fika, Jansson's Temptation;Swedish;Spring (May-June) or Fall (Sept-Oct);Medium-high;Generally safe;Charming coastal town with colorful houses and seafood restaurants.;A charming coastal town known for its colorful houses, seafood restaurants, and scenic beauty.
Visby;Gotland County;Sweden;City;57.744.674;18.285.443;200;Swedish krona (SEK);Protestant;Köttbullar, Fika, Jansson's Temptation;Swedish;Spring (May-June) or Fall (Sept-Oct);Medium-high;Generally safe;Medieval walled city known for ruins and summer festivals.;A medieval walled city on the island of Gotland, known for its ruins, cobblestone streets, and summer festivals.
Uppsala;Uppsala County;Sweden;City;59.858.134;17.638.943;150;Swedish krona (SEK);Protestant;Köttbullar, Fika, Jansson's Temptation;Swedish;Spring (May-June) or Fall (Sept-Oct);Medium;Generally safe;University city known for cathedral, castle, and museums.;A university city known for its cathedral, castle, and museums.
Kiruna;Norrbotten County;Sweden;City;67.853.244;20.236.394;100;Swedish krona (SEK);Protestant;Köttbullar, Fika, Jansson's Temptation;Swedish;Spring (May-June) or Fall (Sept-Oct);Medium-high;Generally safe;Northernmost city, known for mining industry and winter activities.;The northernmost city in Sweden, located above the Arctic Circle, and known for its mining industry and winter activities.
Sarek National Park;Norrbotten County;Sweden;National Park;67.517.222;17.522.778;50;Swedish krona (SEK);Protestant;Köttbullar, Fika, Jansson's Temptation;Swedish;Summer (Jun-Aug);Medium-high;Generally safe;National park known for glaciers, hiking trails, and wildlife.;A national park in the Swedish mountains, known for its glaciers, hiking trails, and wildlife.
Vasa Museum;Stockholm County;Sweden;Museum;59.329.302;18.068.581;1 million;Swedish krona (SEK);Protestant;Köttbullar, Fika, Jansson's Temptation;Swedish;Year-round;Medium;Generally safe;Maritime museum featuring a preserved 17th-century warship.;A maritime museum featuring a preserved 17th-century warship, the Vasa.
Zurich;Zurich;Switzerland;City;47.376.881;8.541.694;3 million;Swiss franc (CHF);Protestant;Fondue, Rösti, Raclette;German, French, Italian;Spring (Apr-May) or Fall (Sep-Oct);High;Generally safe;Largest city known for finance, museums, and lakefront.;The largest city in Switzerland, known for its financial district, museums, and beautiful lakefront.
Geneva;Geneva;Switzerland;City;46.204.391;6.147.435;2 million;Swiss franc (CHF);Protestant;Fondue, Rösti, Raclette;French, German;Spring (Apr-May) or Fall (Sep-Oct);High;Generally safe;Cosmopolitan city known for international organizations and scenic beauty.;A cosmopolitan city on Lake Geneva, known for its international organizations, museums, and beautiful scenery.
Lucerne;Central Switzerland;Switzerland;City;47.051.389;8.306.944;1.5 million;Swiss franc (CHF);Roman Catholic;Fondue, Rösti, Raclette;German, French;Spring (Apr-May) or Fall (Sep-Oct);Medium-high;Generally safe;Picturesque city known for historic center and lake.;A picturesque city on Lake Lucerne, known for its historic center, Chapel Bridge, and Lion Monument.
Interlaken;Bern;Switzerland;Town;46.680.278;7.855.833;1 million;Swiss franc (CHF);Protestant;Fondue, Rösti, Raclette;German, French;Spring (Apr-May) or Fall (Sep-Oct);Medium-high;Generally safe;Popular resort town known for outdoor activities.;A popular resort town in the Bernese Alps, known for its outdoor activities like hiking, skiing, and paragliding.
Zermatt;Valais;Switzerland;Town;46.051.389;77.025;500;Swiss franc (CHF);Roman Catholic;Fondue, Rösti, Raclette;German, French;Winter (Dec-Mar) for skiing, Summer (Jun-Sep) for hiking;High;Generally safe;Car-free town known for Matterhorn and skiing.;A car-free town in the Swiss Alps, known for its Matterhorn peak, skiing, and hiking.
Jungfraujoch;Bern;Switzerland;Mountain Pass;46.538.056;7.986.944;350;Swiss franc (CHF);Protestant;Fondue, Rösti, Raclette;German, French;Year-round;High;Generally safe;Highest railway station in Europe with panoramic views.;The highest railway station in Europe, offering panoramic views of the Swiss Alps.
Rhine Falls;Schaffhausen;Switzerland;Waterfall;47.567.778;8.675.556;1 million;Swiss franc (CHF);Protestant;Fondue, Rösti, Raclette;German, French;Spring (Apr-May) or Fall (Sep-Oct);Medium;Generally safe;Europe's largest waterfall with stunning views.;Europe's largest waterfall, offering stunning views and boat tours.
Swiss National Park;Grisons;Switzerland;National Park;46.576.667;10.014.722;100;Swiss franc (CHF);Protestant;Fondue, Rösti, Raclette;German, French;Summer (Jun-Aug);Medium-high;Generally safe;Switzerland's only national park with diverse wildlife.;Switzerland's only national park, known for its diverse wildlife, hiking trails, and stunning scenery.
GruyŖres;Fribourg;Switzerland;Town;46.522.222;7.034.722;50;Swiss franc (CHF);Roman Catholic;Fondue, Rösti, Raclette;French, German;Spring (Apr-May) or Fall (Sep-Oct);Medium-high;Generally safe;Medieval town known for GruyŖre cheese and castle.;A charming medieval town known for its GruyŖre cheese, castle, and chocolate factory.
Montreux;Vaud;Switzerland;Town;46.520.278;6.923.611;100;Swiss franc (CHF);Protestant;Fondue, Rösti, Raclette;French, German;Spring (Apr-May) or Fall (Sep-Oct);Medium-high;Generally safe;Known for jazz festival and scenic vineyards.;A town on Lake Geneva, known for its jazz festival, vineyards, and beautiful scenery.
Istanbul;Istanbul;Turkey;City;41.008.238;28.978.359;15 million;Turkish lira (TRY);Muslim;Kebab, Baklava, Dolma;Turkish;Spring (Apr-May) or Fall (Sep-Oct);Medium-high;Generally safe, but be aware of pickpockets;Historic city straddling Europe and Asia with significant landmarks.;A historic city straddling Europe and Asia, known for its Hagia Sophia, Blue Mosque, and Grand Bazaar.
Antalya;Antalya;Turkey;City;36.522.512;30.703.761;10 million;Turkish lira (TRY);Muslim;Kebab, Baklava, Dolma;Turkish;Spring (Apr-May) or Fall (Sep-Oct);Medium-high;Generally safe;Popular coastal city with beaches and ancient ruins.;A popular coastal city known for its beaches, ancient ruins, and vibrant nightlife.
Cappadocia;Central Anatolia;Turkey;Region;38.711.845;35.156.845;2 million;Turkish lira (TRY);Muslim;Kebab, Baklava, Dolma;Turkish;Spring (Apr-May) or Fall (Sep-Oct);Medium-high;Generally safe;Unique region known for fairy chimneys and hot air balloons.;A unique region known for its fairy chimneys, underground cities, and hot air balloon rides.
Ephesus;Aegean Region;Turkey;Archaeological Site;37.742.778;27.391.667;1.5 million;Turkish lira (TRY);Muslim;Kebab, Baklava, Dolma;Turkish;Spring (Apr-May) or Fall (Sep-Oct);Medium;Generally safe;Well-preserved ancient Greek city with significant ruins.;A well-preserved ancient Greek city, known for its Library of Celsus and Temple of Artemis.
Pamukkale;Aegean Region;Turkey;Natural Site;37.779.722;290.825;1 million;Turkish lira (TRY);Muslim;Kebab, Baklava, Dolma;Turkish;Spring (Apr-May) or Fall (Sep-Oct);Medium;Generally safe;UNESCO World Heritage Site with white travertine terraces.;A UNESCO World Heritage Site featuring white travertine terraces and hot springs.
Bodrum;Aegean Region;Turkey;Town;37.134.596;27.384.188;1 million;Turkish lira (TRY);Muslim;Kebab, Baklava, Dolma;Turkish;Spring (Apr-May) or Fall (Sep-Oct);Medium-high;Generally safe;Coastal town known for beaches and ancient ruins.;A popular coastal town known for its beaches, nightlife, and ancient ruins.
Fethiye;Aegean Region;Turkey;Town;36.686.944;289.575;500;Turkish lira (TRY);Muslim;Kebab, Baklava, Dolma;Turkish;Spring (Apr-May) or Fall (Sep-Oct);Medium-high;Generally safe;Coastal town with beaches and boat trips to islands.;A coastal town known for its beaches, ancient ruins, and boat trips to nearby islands.
Istanbul Grand Bazaar;Istanbul;Turkey;Bazaar;41.008.238;28.978.359;10 million;Turkish lira (TRY);Muslim;Kebab, Baklava, Dolma;Turkish;Year-round;Medium-high;Generally safe;One of the world's largest covered bazaars with diverse goods.;One of the world's largest covered bazaars, offering a wide variety of goods and souvenirs.
Topkapi Palace;Istanbul;Turkey;Palace;41.008.238;28.978.359;5 million;Turkish lira (TRY);Muslim;Kebab, Baklava, Dolma;Turkish;Year-round;Medium-high;Generally safe;Former Ottoman palace now a museum showcasing history.;A former palace of the Ottoman Empire, now a museum showcasing its rich history and artifacts.
Blue Mosque;Istanbul;Turkey;Mosque;41.008.238;28.978.359;2 million;Turkish lira (TRY);Muslim;Kebab, Baklava, Dolma;Turkish;Year-round;Free;Generally safe;Beautiful mosque known for blue Iznik tiles and architecture.;A beautiful mosque known for its blue Iznik tiles and impressive architecture.
Kyiv;Kyiv Oblast;Ukraine;City;5.045.466;30.523.842;3.5 million;Ukrainian hryvnia (UAH);Ukrainian Orthodox;Borscht, Varenyky, Salo;Ukrainian;Spring (May-June) or Fall (Sep-Oct);Medium-high;Generally safe, but be aware of ongoing conflict;Capital city known for historic architecture and vibrant culture.;The capital city, known for its historic architecture, museums, and vibrant culture.
Lviv;Lviv Oblast;Ukraine;City;49.839.973;23.989.223;2 million;Ukrainian hryvnia (UAH);Ukrainian Orthodox;Borscht, Varenyky, Salo;Ukrainian;Spring (May-June) or Fall (Sep-Oct);Medium;Generally safe;Historic city known for medieval architecture and lively atmosphere.;A historic city known for its medieval architecture, coffee shops, and vibrant atmosphere.
Odessa;Odesa Oblast;Ukraine;City;46.483.333;30.733.333;1 million;Ukrainian hryvnia (UAH);Ukrainian Orthodox;Borscht, Varenyky, Salo;Ukrainian;Spring (May-June) or Fall (Sep-Oct);Medium;Generally safe, but be aware of potential risks;Coastal city known for beaches and vibrant nightlife.;A coastal city on the Black Sea, known for its beaches, opera house, and vibrant nightlife.
Chernobyl Exclusion Zone;Kyiv Oblast;Ukraine;Site;51.384.222;30.109.722;100;Ukrainian hryvnia (UAH);Ukrainian Orthodox;Borscht, Varenyky, Salo;Ukrainian;Spring (May-June) or Fall (Sep-Oct);Medium;Restricted access;Notable for dark tourism and wildlife observation.;A former nuclear power plant site and surrounding area, now a popular destination for dark tourism and wildlife observation.
Carpathian Mountains;Carpathian Mountains;Ukraine;Mountains;48;24;500;Ukrainian hryvnia (UAH);Ukrainian Orthodox;Borscht, Varenyky, Salo;Ukrainian;Summer (Jun-Aug);Medium-high;Generally safe;Known for beautiful scenery, hiking, and winter sports.;A mountain range known for its beautiful scenery, hiking trails, and winter sports.
Kharkiv;Kharkiv Oblast;Ukraine;City;50;36.25;500;Ukrainian hryvnia (UAH);Ukrainian Orthodox;Borscht, Varenyky, Salo;Ukrainian;Spring (May-June) or Fall (Sep-Oct);Medium;Generally safe, but be aware of potential risks;Major city known for universities and parks.;A large city in eastern Ukraine, known for its universities, museums, and parks.
Dnipro;Dnipropetrovsk Oblast;Ukraine;City;48.461.667;34.976.667;500;Ukrainian hryvnia (UAH);Ukrainian Orthodox;Borscht, Varenyky, Salo;Ukrainian;Spring (May-June) or Fall (Sep-Oct);Medium;Generally safe, but be aware of potential risks;Important industrial city with historical sites.;A city on the Dnieper River, known for its industrial importance and historical sites.
Lviv Opera House;Lviv;Ukraine;Opera House;49.839.973;23.989.223;100;Ukrainian hryvnia (UAH);Ukrainian Orthodox;Borscht, Varenyky, Salo;Ukrainian;Year-round;Medium;Generally safe;Beautiful opera house with rich history.;A beautiful opera house with a rich history and cultural significance.
Andriyivski Descent;Kyiv;Ukraine;Street;5.045.466;30.523.842;100;Ukrainian hryvnia (UAH);Ukrainian Orthodox;Borscht, Varenyky, Salo;Ukrainian;Year-round;Medium;Generally safe;Historic street known for colorful houses and shops.;A historic street in Kyiv, known for its colorful houses, shops, and restaurants.
Pechersk Lavra;Kyiv;Ukraine;Monastery;50.463.333;30.512.222;100;Ukrainian hryvnia (UAH);Ukrainian Orthodox;Borscht, Varenyky, Salo;Ukrainian;Year-round;Medium;Generally safe;Large Orthodox monastery with beautiful churches.;A large Orthodox monastery complex with beautiful churches, gardens, and caves.
London;Greater London;United Kingdom;City;51.507.351;-0.127758;25 million;British Pound Sterling (GBP);Christian (Anglican);Fish and chips, Sunday roast, Afternoon tea;English;Spring (April-May) or Fall (Sep-Oct);High;Generally safe, but be aware of pickpockets;The capital city, known for its Buckingham Palace, Big Ben, and Tower of London.;The capital city, known for its Buckingham Palace, Big Ben, and Tower of London.
Edinburgh;Scotland;United Kingdom;City;55.953.252;-3.188.267;3 million;British Pound Sterling (GBP);Christian (Presbyterian);Haggis, Scotch whisky, Shortbread;English, Scottish Gaelic;Spring (April-May) or Fall (Sep-Oct);Medium-high;Generally safe;The capital of Scotland, known for its medieval castle and vibrant festivals.;The capital of Scotland, known for its medieval castle, historic Old Town, and vibrant festivals.
Manchester;England;United Kingdom;City;53.480.958;-2.241.509;2 million;British Pound Sterling (GBP);Christian (Anglican);Fish and chips, Sunday roast, Afternoon tea;English;Spring (April-May) or Fall (Sep-Oct);Medium-high;Generally safe;Known for its football teams, music scene, and industrial heritage.;A major city known for its football teams, music scene, and industrial heritage.
Liverpool;England;United Kingdom;City;53.408.371;-2.987.576;1.5 million;British Pound Sterling (GBP);Christian (Anglican);Fish and chips, Sunday roast, Afternoon tea;English;Spring (April-May) or Fall (Sep-Oct);Medium-high;Generally safe;Known for its Beatles heritage, museums, and waterfront.;A coastal city known for its Beatles heritage, museums, and waterfront.
Cambridge;England;United Kingdom;City;52.204.772;0.120972;1 million;British Pound Sterling (GBP);Christian (Anglican);Fish and chips, Sunday roast, Afternoon tea;English;Spring (April-May) or Fall (Sep-Oct);Medium-high;Generally safe;Known for its historic colleges, museums, and botanic gardens.;A university city known for its historic colleges, museums, and botanic gardens.
Lake District;England;United Kingdom;National Park;54.364.158;-3.083.333;2 million;British Pound Sterling (GBP);Christian (Anglican);Fish and chips, Sunday roast, Afternoon tea;English;Spring (April-May) or Fall (Sep-Oct);Medium-high;Generally safe;Known for its lakes, mountains, and hiking trails.;A scenic region known for its lakes, mountains, and hiking trails.
Yorkshire Dales;England;United Kingdom;National Park;54.057.778;-1.988.889;1 million;British Pound Sterling (GBP);Christian (Anglican);Fish and chips, Sunday roast, Afternoon tea;English;Spring (April-May) or Fall (Sep-Oct);Medium-high;Generally safe;Known for its rolling hills, limestone cliffs, and picturesque villages.;A national park known for its rolling hills, limestone cliffs, and picturesque villages.
The Cotswolds;England;United Kingdom;Region;51.793.333;-1.875;1 million;British Pound Sterling (GBP);Christian (Anglican);Fish and chips, Sunday roast, Afternoon tea;English;Spring (April-May) or Fall (Sep-Oct);Medium-high;Generally safe;Known for its picturesque villages, rolling hills, and historic architecture.;A scenic region known for its picturesque villages, rolling hills, and historic architecture.
Stonehenge;Wiltshire;United Kingdom;Prehistoric Site;511.775;-1.996.167;1 million;British Pound Sterling (GBP);Christian (Anglican);Fish and chips, Sunday roast, Afternoon tea;English;Spring (April-May) or Fall (Sep-Oct);Medium-high;Generally safe;Known for its mysterious stone circles.;A prehistoric monument known for its mysterious stone circles.
Scottish Highlands;Scotland;United Kingdom;Region;57.051.528;-4.213.333;1 million;British Pound Sterling (GBP);Christian (Presbyterian);Haggis, Scotch whisky, Shortbread;English, Scottish Gaelic;Spring (April-May) or Fall (Sep-Oct);Medium-high;Generally safe;Known for its stunning scenery, hiking trails, and wildlife.;A mountainous region known for its stunning scenery, hiking trails, and wildlife.
Luxembourg City;Luxembourg District;Luxembourg;City;49.611.668;6.130.237;1.5 million;Euro (EUR);Roman Catholic;Judd mat Gaardebounen, Knäppchen, Riesling;Luxembourgish, French, German;Spring (April-May) or Fall (Sep-Oct);Medium-high;Generally safe;The capital city, known for its medieval fortifications, picturesque streets, and museums.;The capital city, known for its medieval fortifications, picturesque streets, and museums.
Vianden;Vianden;Luxembourg;Town;49.923.611;Haz.25;500;Euro (EUR);Roman Catholic;Judd mat Gaardebounen, Knäppchen, Riesling;Luxembourgish, French, German;Spring (April-May) or Fall (Sep-Oct);Medium-high;Generally safe;A charming town with a medieval castle, picturesque streets, and beautiful scenery.;A charming town with a medieval castle, picturesque streets, and beautiful scenery.
Esch-sur-Alzette;Esch-sur-Alzette;Luxembourg;City;49.517.222;5.964.444;300;Euro (EUR);Roman Catholic;Judd mat Gaardebounen, Knäppchen, Riesling;Luxembourgish, French, German;Spring (April-May) or Fall (Sep-Oct);Medium;Generally safe;A major industrial city known for its museums, parks, and shopping.;A major industrial city known for its museums, parks, and shopping.
Luxembourg American Cemetery and Memorial;Luxembourg;Luxembourg;Memorial;49.476.944;6.024.444;100;Euro (EUR);Roman Catholic;Judd mat Gaardebounen, Knäppchen, Riesling;Luxembourgish, French, German;Year-round;Free;Generally safe;A memorial site honoring American soldiers who died in World War II.;A memorial site honoring American soldiers who died in World War II.
Mullerthal;Mullerthal;Luxembourg;Region;49.752.778;6.576.667;50;Euro (EUR);Roman Catholic;Judd mat Gaardebounen, Knäppchen, Riesling;Luxembourgish, French, German;Spring (April-May) or Fall (Sep-Oct);Medium;Generally safe;A picturesque region known for its waterfalls, hiking trails, and natural beauty.;A picturesque region known for its waterfalls, hiking trails, and natural beauty.
Beaufort Castle;Beaufort;Luxembourg;Castle;49.836.667;6.522.222;50;Euro (EUR);Roman Catholic;Judd mat Gaardebounen, Knäppchen, Riesling;Luxembourgish, French, German;Spring (April-May) or Fall (Sep-Oct);Medium;Generally safe;A medieval castle perched on a hilltop, offering stunning views of the surrounding countryside.;A medieval castle perched on a hilltop, offering stunning views of the surrounding countryside.
Vianden Castle;Vianden;Luxembourg;Castle;49.923.611;Haz.25;50;Euro (EUR);Roman Catholic;Judd mat Gaardebounen, Knäppchen, Riesling;Luxembourgish, French, German;Spring (April-May) or Fall (Sep-Oct);Medium;Generally safe;A medieval castle overlooking the town of Vianden, known for its picturesque setting and historical significance.;A medieval castle overlooking the town of Vianden, known for its picturesque setting and historical significance.
Grund;Luxembourg City;Luxembourg;Neighborhood;49.605.556;6.127.778;50;Euro (EUR);Roman Catholic;Judd mat Gaardebounen, Knäppchen, Riesling;Luxembourgish, French, German;Spring (April-May) or Fall (Sep-Oct);Medium-high;Generally safe;A charming neighborhood along the Alzette River, known for its restaurants, bars, and bohemian atmosphere.;A charming neighborhood along the Alzette River, known for its restaurants, bars, and bohemian atmosphere.
Bettembourg;Bettembourg;Luxembourg;Town;49.505.556;6.044.444;25;Euro (EUR);Roman Catholic;Judd mat Gaardebounen, Knäppchen, Riesling;Luxembourgish, French, German;Spring (April-May) or Fall (Sep-Oct);Medium;Generally safe;A small town known for its historic center, museums, and parks.;A small town known for its historic center, museums, and parks.
Valletta;Central Region;Malta;City;35.897.778;145.075;1.5 million;Euro (EUR);Roman Catholic;Pastizzi, Rabbit Stew, Imqaret;Maltese, English;Spring (April-May) or Fall (Sep-Oct);Medium-high;Generally safe;The capital city, known for its fortified walls, baroque architecture, and historical sites.;
Mdina;Central Region;Malta;City;35.884.167;14.493.889;1 million;Euro (EUR);Roman Catholic;Pastizzi, Rabbit Stew, Imqaret;Maltese, English;Spring (April-May) or Fall (Sep-Oct);Medium-high;Generally safe;"A medieval walled city known as the ""Silent City,"" offering a glimpse into Malta's past.";
Blue Lagoon;Gozo;Malta;Beach;36.042.778;14.300.278;1 million;Euro (EUR);Roman Catholic;Pastizzi, Rabbit Stew, Imqaret;Maltese, English;Summer (Jun-Aug);Medium-high;Generally safe;A popular beach on the island of Gozo, known for its crystal-clear waters and vibrant blue hue.;
Marsaxlokk;Southern Region;Malta;Town;35.734.722;14.558.611;500;Euro (EUR);Roman Catholic;Pastizzi, Rabbit Stew, Imqaret;Maltese, English;Spring (April-May) or Fall (Sep-Oct);Medium;Generally safe;A fishing village known for its colorful fishing boats, Sunday market, and seafood restaurants.;
St. Paul's Bay;Northern Region;Malta;Town;35.921.667;14.474.167;500;Euro (EUR);Roman Catholic;Pastizzi, Rabbit Stew, Imqaret;Maltese, English;Spring (April-May) or Fall (Sep-Oct);Medium;Generally safe;A coastal town with beautiful beaches, resorts, and a vibrant nightlife.;
Rabat;Northern Region;Malta;Town;35.879.444;14.463.056;200;Euro (EUR);Roman Catholic;Pastizzi, Rabbit Stew, Imqaret;Maltese, English;Spring (April-May) or Fall (Sep-Oct);Medium;Generally safe;A historic town known for its Roman catacombs and Mdina Glass Museum.;
Mosta;Central Region;Malta;Town;35.871.944;14.451.389;200;Euro (EUR);Roman Catholic;Pastizzi, Rabbit Stew, Imqaret;Maltese, English;Spring (April-May) or Fall (Sep-Oct);Medium;Generally safe;A town known for its Rotunda of Mosta, one of the largest unsupported domes in the world.;
Marsaskala;Southern Region;Malta;Town;35.728.333;14.569.167;100;Euro (EUR);Roman Catholic;Pastizzi, Rabbit Stew, Imqaret;Maltese, English;Spring (April-May) or Fall (Sep-Oct);Medium;Generally safe;A coastal town with beautiful beaches, historical sites, and a relaxed atmosphere.;
Gozo;Gozo;Malta;Island;36.042.778;14.300.278;50;Euro (EUR);Roman Catholic;Pastizzi, Rabbit Stew, Imqaret;Maltese, English;Spring (April-May) or Fall (Sep-Oct);Medium;Generally safe;The smaller of Malta's two main islands, known for its peaceful atmosphere, rural landscapes, and beautiful beaches.;
Comino;Comino;Malta;Island;36.029.167;14.459.722;20;Euro (EUR);Roman Catholic;Pastizzi, Rabbit Stew, Imqaret;Maltese, English;Spring (April-May) or Fall (Sep-Oct);Medium;Generally safe;A small, uninhabited island known for its Blue Lagoon, a popular swimming and snorkeling spot.;
Reykjavik;Capital Region;Iceland;City;64.147.778;-21.915.556;2.5 million;Icelandic króna (ISK);Protestant;Fish, Lamb, Skyr;Icelandic;Spring (May-June) or Fall (Sep-Oct);High;Generally safe;The capital city, known for its colorful houses, museums, and vibrant culture.;
Blue Lagoon;Southwest Region;Iceland;Geothermal Spa;638.925;-218.639;1 million;Icelandic króna (ISK);Protestant;Fish, Lamb, Skyr;Icelandic;Year-round;High;Generally safe;A geothermal spa known for its blue waters and relaxing atmosphere.;
Golden Circle;South Iceland;Iceland;Region;64.006.944;-211.325;1 million;Icelandic króna (ISK);Protestant;Fish, Lamb, Skyr;Icelandic;Spring (May-June) or Fall (Sep-Oct);Medium-high;Generally safe;A popular tourist route featuring Thingvellir National Park, Geysir geothermal area, and Gullfoss waterfall.;
Skaftafell National Park;South Iceland;Iceland;National Park;64.006.944;-166.325;500;Icelandic króna (ISK);Protestant;Fish, Lamb, Skyr;Icelandic;Summer (Jun-Aug);Medium-high;Generally safe;A national park known for its glaciers, waterfalls, and hiking trails.;
Vatnajökull National Park;Southeast Iceland;Iceland;National Park;64.006.944;-166.325;500;Icelandic króna (ISK);Protestant;Fish, Lamb, Skyr;Icelandic;Summer (Jun-Aug);Medium-high;Generally safe;Europe's largest glacier, offering stunning landscapes and outdoor activities.;
Akureyri;North Iceland;Iceland;City;65.668.611;-18.081.389;200;Icelandic króna (ISK);Protestant;Fish, Lamb, Skyr;Icelandic;Spring (May-June) or Fall (Sep-Oct);Medium;Generally safe;The largest city in North Iceland, known for its botanical garden and winter activities.;
Snæfellsjökull National Park;West Iceland;Iceland;National Park;64.640.556;-22.189.722;100;Icelandic króna (ISK);Protestant;Fish, Lamb, Skyr;Icelandic;Spring (May-June) or Fall (Sep-Oct);Medium;Generally safe;A national park featuring the Snæfellsjökull glacier, a volcano, and beautiful coastal scenery.;
Westfjords;Westfjords;Iceland;Region;65.640.556;-20.189.722;50;Icelandic króna (ISK);Protestant;Fish, Lamb, Skyr;Icelandic;Spring (May-June) or Fall (Sep-Oct);Medium;Generally safe;A remote region known for its dramatic landscapes, fishing villages, and birdwatching opportunities.;
JökulsĀrlón Glacier Lagoon;Southeast Iceland;Iceland;Glacier Lagoon;64.006.944;-166.325;200;Icelandic króna (ISK);Protestant;Fish, Lamb, Skyr;Icelandic;Summer (Jun-Aug);Medium-high;Generally safe;A glacial lagoon filled with icebergs, offering boat tours and stunning scenery.;
Reynisfjara Black Sand Beach;South Iceland;Iceland;Beach;63.703.056;-20.031.944;100;Icelandic króna (ISK);Protestant;Fish, Lamb, Skyr;Icelandic;Year-round;Medium-high;Generally safe;A unique black sand beach with basalt columns and sea stacks.;
Belgrade;Central Serbia;Serbia;City;44.816.667;20.448.889;1.5 million;Serbian dinar (RSD);Serbian Orthodox;?evapi, Pljeskavica, Sarma;Serbian;Spring (April-May) or Fall (Sep-Oct);Medium;Generally safe, but be aware of pickpockets;The capital city, known for its historical landmarks, vibrant nightlife, and beautiful riverside location.;
Novi Sad;Vojvodina;Serbia;City;45.263.333;19.846.667;500;Serbian dinar (RSD);Serbian Orthodox;?evapi, Pljeskavica, Sarma;Serbian;Spring (April-May) or Fall (Sep-Oct);Medium;Generally safe;A city on the Danube River, known for its historic center, museums, and vibrant cultural scene.;
Ni?;Southern Serbia;Serbia;City;43.322.222;21.888.889;300;Serbian dinar (RSD);Serbian Orthodox;?evapi, Pljeskavica, Sarma;Serbian;Spring (April-May) or Fall (Sep-Oct);Medium;Generally safe;A historic city known for its Roman ruins, medieval fortress, and vibrant nightlife.;
Belgrade Fortress;Belgrade;Serbia;Fortress;44.816.667;20.448.889;200;Serbian dinar (RSD);Serbian Orthodox;?evapi, Pljeskavica, Sarma;Serbian;Year-round;Free;Generally safe;A historic fortress overlooking the confluence of the Sava and Danube rivers, offering panoramic views of the city.;
Tara National Park;Western Serbia;Serbia;National Park;43.2;19.35;100;Serbian dinar (RSD);Serbian Orthodox;?evapi, Pljeskavica, Sarma;Serbian;Summer (June-August);Medium-high;Generally safe;A national park known for its rugged mountains, forests, and beautiful scenery.;
Kopaonik;Central Serbia;Serbia;Mountain Range;43.575.278;20.760.556;100;Serbian dinar (RSD);Serbian Orthodox;?evapi, Pljeskavica, Sarma;Serbian;Winter (December-March) for skiing, Summer (June-August) for hiking;Medium-high;Generally safe;A popular ski resort area in the winter, offering hiking and other outdoor activities in the summer.;
Novi Sad Fortress;Novi Sad;Serbia;Fortress;45.263.333;19.846.667;50;Serbian dinar (RSD);Serbian Orthodox;?evapi, Pljeskavica, Sarma;Serbian;Year-round;Free;Generally safe;A historic fortress overlooking the Danube River, offering panoramic views of the city.;
Sremski Karlovci;Vojvodina;Serbia;Town;45.263.333;19.846.667;25;Serbian dinar (RSD);Serbian Orthodox;?evapi, Pljeskavica, Sarma;Serbian;Spring (April-May) or Fall (Sep-Oct);Medium;Generally safe;A historic town known for its vineyards, wineries, and beautiful architecture.;
Subotica;North Backa;Serbia;City;46.083.333;18.966.667;20;Serbian dinar (RSD);Serbian Orthodox;?evapi, Pljeskavica, Sarma;Serbian, Hungarian;Spring (April-May) or Fall (Sep-Oct);Medium;Generally safe;A city on the border with Hungary, known for its Art Nouveau architecture and multicultural atmosphere.;
Vrnja?ka Banja;Ra?ka;Serbia;Spa Town;43.519.722;20.851.389;10;Serbian dinar (RSD);Serbian Orthodox;?evapi, Pljeskavica, Sarma;Serbian;Year-round;Medium-high;Generally safe;A spa town known for its mineral waters, thermal baths, and beautiful natural surroundings.;
